{
    "users": [
        {
            "id": 1,
            "telegram_id": 1943617770,
            "full_name": "Behnam",
            "username": "B3_H1",
            "test_subscription": 0,
            "created_at": "2023-10-04 03:44:21"
        }
    ],
    "plans": [
        {
            "id": 20588,
            "size_gb": 10,
            "days": 15,
            "price": 200000,
            "server_id": 1,
            "description": null,
            "status": 1
        },
        {
            "id": 51559,
            "size_gb": 20,
            "days": 30,
            "price": 5000000,
            "server_id": 1,
            "description": null,
            "status": 1
        }
    ],
    "orders": [
        {
            "id": 5878603,
            "telegram_id": 1943617770,
            "plan_id": 51559,
            "user_name": "\u0628\u0647\u0646\u0627\u0645 \u0627\u062d\u0645\u062f\u06cc\u0627\u0646",
            "created_at": "2023-10-04 04:18:49"
        },
        {
            "id": 7318057,
            "telegram_id": 1943617770,
            "plan_id": 20588,
            "user_name": "\u0628\u0647\u0646\u0627\u0645 \u0627\u062d\u0645\u062f\u06cc\u0627\u0646",
            "created_at": "2023-10-04 04:22:02"
        }
    ],
    "order_subscriptions": [
        {
            "id": 1598437,
            "order_id": 5878603,
            "uuid": "f3b2b46f-31d0-493b-aa39-ecb78798a3ea",
            "server_id": 1
        }
    ],
    "non_order_subscriptions": [],
    "str_config": [
        {
            "key": "bot_admin_id",
            "value": "[1943617770]"
        },
        {
            "key": "bot_token_admin",
            "value": "6130361773:AAGos0UFBwifY3oUnIxrPtZJPSHjmTqtE0c"
        },
        {
            "key": "bot_token_client",
            "value": "6564354851:AAGdRuwqPvGUV4ChR1mQrMeNFjPk4vfSFfk"
        },
        {
            "key": "bot_lang",
            "value": "FA"
        },
        {
            "key": "card_number",
            "value": null
        },
        {
            "key": "card_holder",
            "value": null
        },
        {
            "key": "support_username",
            "value": null
        },
        {
            "key": "channel_id",
            "value": null
        },
        {
            "key": "msg_user_start",
            "value": null
        },
        {
            "key": "msg_manual_android",
            "value": null
        },
        {
            "key": "msg_manual_ios",
            "value": null
        },
        {
            "key": "msg_manual_windows",
            "value": null
        },
        {
            "key": "msg_manual_mac",
            "value": null
        },
        {
            "key": "msg_manual_linux",
            "value": null
        }
    ],
    "int_config": [
        {
            "key": "min_deposit_amount",
            "value": 10000
        },
        {
            "key": "reminder_notification_days",
            "value": 3
        },
        {
            "key": "reminder_notification_usage",
            "value": 3
        },
        {
            "key": "test_sub_days",
            "value": 1
        },
        {
            "key": "test_sub_size_gb",
            "value": 1
        },
        {
            "key": "advanced_renewal_days",
            "value": 3
        },
        {
            "key": "advanced_renewal_usage",
            "value": 3
        },
        {
            "key": "renewal_method",
            "value": 1
        }
    ],
    "bool_config": [
        {
            "key": "visible_hiddify_hyperlink",
            "value": 1
        },
        {
            "key": "three_random_num_price",
            "value": 0
        },
        {
            "key": "force_join_channel",
            "value": 0
        },
        {
            "key": "panel_auto_backup",
            "value": 1
        },
        {
            "key": "bot_auto_backup",
            "value": 1
        },
        {
            "key": "test_subscription",
            "value": 1
        },
        {
            "key": "reminder_notification",
            "value": 1
        },
        {
            "key": "renewal_subscription_status",
            "value": 1
        },
        {
            "key": "buy_subscription_status",
            "value": 1
        },
        {
            "key": "visible_conf_dir",
            "value": 0
        },
        {
            "key": "visible_conf_sub_auto",
            "value": 1
        },
        {
            "key": "visible_conf_sub_url",
            "value": 0
        },
        {
            "key": "visible_conf_sub_url_b64",
            "value": 0
        },
        {
            "key": "visible_conf_clash",
            "value": 0
        },
        {
            "key": "visible_conf_hiddify",
            "value": 0
        },
        {
            "key": "visible_conf_sub_sing_box",
            "value": 0
        },
        {
            "key": "visible_conf_sub_full_sing_box",
            "value": 0
        }
    ],
    "wallet": [
        {
            "telegram_id": 1943617770,
            "balance": 1800000
        }
    ],
    "payments": [
        {
            "id": 3758065,
            "telegram_id": 1943617770,
            "payment_amount": 2000000,
            "payment_method": "Card",
            "payment_image": "1943617770-3758065.jpg",
            "approved": 1,
            "created_at": "2023-10-04 04:09:21"
        },
        {
            "id": 8189111,
            "telegram_id": 1943617770,
            "payment_amount": 500000,
            "payment_method": "Card",
            "payment_image": "1943617770-8189111.jpg",
            "approved": null,
            "created_at": "2023-10-04 03:45:47"
        },
        {
            "id": 9097450,
            "telegram_id": 1943617770,
            "payment_amount": 200000,
            "payment_method": "Card",
            "payment_image": "1943617770-9097450.jpg",
            "approved": 1,
            "created_at": "2023-10-04 03:58:47"
        }
    ],
    "servers": [
        {
            "id": 1,
            "url": "https://fr.noron.cloud/7fqgevjvtJ0/eddca045-d8af-452b-b469-ab9846682f98",
            "title": "Main Server",
            "description": null,
            "user_limit": 2000,
            "status": 1,
            "default_server": 1
        },
        {
            "id": 2,
            "url": "https://nl.01-01.link/czfccKEyde1U8B/fe612d22-6a61-4837-8836-12ce68226bcb",
            "title": "NL",
            "description": null,
            "user_limit": 200,
            "status": 1,
            "default_server": 0
        }
    ],
    "version": "5.5.0-pre"
}